{
  "Id": "",
  "Metadata": "<?xml version=\"1.0\" encoding=\"utf-8\"?>\n<q1:EntityDescriptor entityID=\"{SP Entity ID}\" xmlns:q1=\"urn:oasis:names:tc:SAML:2.0:metadata\">\n  <q1:SPSSODescriptor protocolSupportEnumeration=\"urn:oasis:names:tc:SAML:2.0:protocol\" AuthnRequestsSigned=\"true\" WantAssertionsSigned=\"true\">\n    <q1:AssertionConsumerService Binding=\"urn:oasis:names:tc:SAML:2.0:bindings:HTTP-POST\" Location=\"{SP Entity ID}\" index=\"0\" />\n  </q1:SPSSODescriptor>\n</q1:EntityDescriptor>",
  "LoginUrl": "",
  "Description": "ParkMyCloud",
  "MetadataConfigurationType": "Manual",
  "SPConfigurationType": "ManualConfiguration",
  "IDPMetadataCustomization": "None",
  "TemplatePackageVersion": "1.0.0.0",
  "Properties": [
    {
      "PropertyName": "SP Entity ID",
      "Text": "SP Entity ID",
      "Type": "String",
      "HelpText": "A unique name for a SAML application supplied by ParkMyCloud and used to identify ParkMyCloud during an authentication attempt.",
      "IsOptional": "No",
      "DefaultValue": ""
    }
  ],
  "ReturnAttributes": [
    {
      "Identifier": "Subject",
      "AttributeName": "",
      "AttributeType": "EmailAddress",
      "AttributeValue": "",
      "AttributeNameIdFormat": "Unspecified",
      "Name": "Email"
    },
    {
      "Identifier": "NameId",
      "AttributeName": "",
      "AttributeType": "EmailAddress",
      "AttributeValue": null,
      "AttributeNameIdFormat": "Unspecified",
      "Name": "NameID"
    },
    {
      "Identifier": "UserProperty",
      "AttributeName": "FirstName",
      "AttributeType": "FirstName",
      "AttributeValue": null,
      "AttributeNameIdFormat": "Basic",
      "Name": "First Name"
    },
    {
      "Identifier": "UserProperty",
      "AttributeName": "LastName",
      "AttributeType": "LastName",
      "AttributeValue": null,
      "AttributeNameIdFormat": "Basic",
      "Name": "Last Name"
    }
  ],
  "AdvancedSettings": [
    {
      "SettingName": "NameIDFormat",
      "Value": "unspecified",
      "IsEditable": false,
      "IsVisible": false
    },
    {
      "SettingName": "IsUserPrompt",
      "Value": "True",
      "IsEditable": false,
      "IsVisible": false
    },
    {
      "SettingName": "ResponseSigning",
      "Value": "Sign Response",
      "IsEditable": true,
      "IsVisible": true
    },
    {
      "SettingName": "ResponseBinding",
      "Value": "Unspecified",
      "IsEditable": false,
      "IsVisible": false
    },
    {
      "SettingName": "GroupReturnAttributeFormat",
      "Value": "SamlAttributeValuePair",
      "IsEditable": false,
      "IsVisible": false
    },
    {
      "SettingName": "SignatureKeyName",
      "Value": "NONE",
      "IsEditable": false,
      "IsVisible": false
    },
    {
      "SettingName": "RelayState",
      "Value": "",
      "IsEditable": false,
      "IsVisible": false
    }
  ],
  "AuthInitiationType": "SpAndIdpInitiated",
  "IsGenericTemplate": false
}