{
  "Id": "Pacific Timesheet",
  "Metadata": "<?xml version=\"1.0\" encoding=\"utf-8\"?>\n<q1:EntityDescriptor entityID=\"https://{SUBDOMAIN}.pacifictimesheet.com/timesheet/home.do\" xmlns:q1=\"urn:oasis:names:tc:SAML:2.0:metadata\">\n  <q1:SPSSODescriptor protocolSupportEnumeration=\"urn:oasis:names:tc:SAML:2.0:protocol\" AuthnRequestsSigned=\"true\" WantAssertionsSigned=\"true\">\n    <q1:NameIDFormat>urn:oasis:names:tc:SAML:1.1:nameid-format:unspecified</q1:NameIDFormat>\n    <q1:AssertionConsumerService Binding=\"urn:oasis:names:tc:SAML:2.0:bindings:HTTP-POST\" Location=\"https://{SUBDOMAIN}.pacifictimesheet.com/timesheet/home.do\" index=\"0\" />\n    <q1:AssertionConsumerService Binding=\"urn:oasis:names:tc:SAML:2.0:bindings:HTTP-Redirect\" Location=\"https://{SUBDOMAIN}.pacifictimesheet.com/timesheet/home.do\" index=\"0\" />\n    <q1:AttributeConsumingService index=\"1\">\n      <q1:ServiceName xml:lang=\"en\">Lucidchart</q1:ServiceName>\n      <q1:RequestedAttribute Name=\"User.LastName\" NameFormat=\"urn:oasis:names:tc:SAML:2.0:attrname-format:basic\" />\n      <q1:RequestedAttribute Name=\"User.FirstName\" NameFormat=\"urn:oasis:names:tc:SAML:2.0:attrname-format:basic\" />\n      <q1:RequestedAttribute Name=\"User.email\" NameFormat=\"urn:oasis:names:tc:SAML:2.0:attrname-format:basic\" />\n    </q1:AttributeConsumingService>\n  </q1:SPSSODescriptor>\n  <q1:ContactPerson contactType=\"support\">\n    <q1:Company>Lucid Software</q1:Company>\n    <q1:GivenName>Lucid</q1:GivenName>\n    <q1:SurName>Support</q1:SurName>\n    <q1:EmailAddress>support@lucidchart.com</q1:EmailAddress>\n  </q1:ContactPerson>\n</q1:EntityDescriptor>",
  "LoginUrl": "",
  "Description": "Pacific Timesheet",
  "MetadataConfigurationType": "Manual",
  "SPConfigurationType": "ManualConfiguration",
  "IDPMetadataCustomization": "None",
  "TemplatePackageVersion": "1.0.0.0",
  "Properties": [
    {
      "PropertyName": "SUBDOMAIN",
      "Text": "SUBDOMAIN",
      "Type": "String",
      "HelpText": "This is your company SubDomain registered in Pacific Timesheet.",
      "IsOptional": "No",
      "DefaultValue": ""
    }
  ],
  "ReturnAttributes": [
    {
      "Identifier": "Subject",
      "AttributeName": "",
      "AttributeType": "UserId",
      "AttributeValue": "",
      "AttributeNameIdFormat": "Unspecified",
      "Name": "Subject"
    },
    {
      "Identifier": "NameId",
      "AttributeName": "",
      "AttributeType": "UserId",
      "AttributeValue": null,
      "AttributeNameIdFormat": "Unspecified",
      "Name": "NameID"
    }
  ],
  "AdvancedSettings": [
    {
      "SettingName": "NameIDFormat",
      "Value": "unspecified",
      "IsEditable": false,
      "IsVisible": false
    },
    {
      "SettingName": "IsUserPrompt",
      "Value": "True",
      "IsEditable": false,
      "IsVisible": false
    },
    {
      "SettingName": "ResponseSigning",
      "Value": "Sign Response",
      "IsEditable": true,
      "IsVisible": true
    },
    {
      "SettingName": "ResponseBinding",
      "Value": "Unspecified",
      "IsEditable": false,
      "IsVisible": false
    },
    {
      "SettingName": "GroupReturnAttributeFormat",
      "Value": "CommaSeparatedList",
      "IsEditable": false,
      "IsVisible": false
    },
    {
      "SettingName": "SignatureKeyName",
      "Value": "NONE",
      "IsEditable": false,
      "IsVisible": false
    },
    {
      "SettingName": "RelayState",
      "Value": "",
      "IsEditable": false,
      "IsVisible": false
    }
  ],
  "AuthInitiationType": "SpAndIdpInitiated"
}